{
    "manifest_version": 3,
    "name": "FactCheck Assistant",
    "version": "1.0",
    "permissions": ["storage", "activeTab", "scripting"],
    "host_permissions": ["http://localhost:5000/*"],
    "background": {
      "service_worker": "background.js"
    },
    "content_scripts": [
      {
        "matches": ["https://*/*"],
        "js": ["content.js"]
      }
    ],
    "action": {
      "default_popup": "popup.html",
      "default_icon": {
        "16": "icon.png",
        "48": "icon.png",
        "128": "icon.png"
      }
    }
  }
  